gfx,cu_num,M,N,K,a_dtype,b_dtype,libtype,kernelId,splitK,us,kernelName,tflops,bw,errRatio
gfx950,256,1,1536,6144,fp8,fp8,flydsl,-1,2,11.182910,flydsl_mxpsh_32x32x256_F8_F8_B16_w4_x0_sk2,1.6878,844.7175,0.0
gfx950,256,1,2304,6144,fp8,fp8,flydsl,-1,6,10.646501,flydsl_mxpsh_32x32x256_F8_F8_B16_w1_x4_sk6,2.6592,1330.6276,0.0
gfx950,256,1,2560,6144,fp8,fp8,flydsl,-1,3,10.758500,flydsl_mxpsh_32x16x256_F8_F8_B16_w0_x4_sk3,2.9239,1463.0203,0.0
gfx950,256,1,6144,768,fp8,fp8,flydsl,-1,1,9.819700,flydsl_mxpsh_64x128x128_F8_F8_B16_w0_x0_sk1,0.9610,481.8526,0.0
gfx950,256,1,6144,2048,fp8,fp8,flydsl,-1,1,9.472090,flydsl_mxpsh_32x32x256_F8_F8_B16_w4_x0_sk1,2.6568,1329.9333,0.0
gfx950,256,1,6144,3072,fp8,fp8,flydsl,-1,1,9.498090,flydsl_mxpsh_32x32x256_F8_F8_B16_w2_x4_sk1,3.9744,1988.7922,0.0
gfx950,256,1,6144,6144,fp8,fp8,flydsl,-1,8,13.511730,flydsl_mxpsh_32x32x256_F8_F8_B16_w3_x0_sk8,5.5876,2795.1392,0.0
gfx950,256,2,1536,6144,fp8,fp8,flydsl,-1,3,11.592510,flydsl_mxpsh_32x32x256_F8_F8_B16_w4_x0_sk3,3.2563,815.6660,0.0
gfx950,256,2,2304,6144,fp8,fp8,flydsl,-1,3,10.730100,flydsl_mxpsh_32x16x256_F8_F8_B16_w2_x0_sk3,5.2770,1321.2627,0.0
gfx950,256,2,2560,6144,fp8,fp8,flydsl,-1,3,10.981710,flydsl_mxpsh_32x16x256_F8_F8_B16_w0_x4_sk3,5.7290,1434.3092,0.0
gfx950,256,2,6144,768,fp8,fp8,flydsl,-1,1,9.797690,flydsl_mxpsh_64x128x256_F8_F8_B16_w0_x0_sk1,1.9264,484.2676,0.0
gfx950,256,2,6144,2048,fp8,fp8,flydsl,-1,1,9.441690,flydsl_mxpsh_32x32x256_F8_F8_B16_w1_x4_sk1,5.3308,1335.7338,0.0
gfx950,256,2,6144,3072,fp8,fp8,flydsl,-1,1,9.604490,flydsl_mxpsh_32x32x256_F8_F8_B16_w3_x4_sk1,7.8606,1968.3594,0.0
gfx950,256,2,6144,6144,fp8,fp8,flydsl,-1,4,13.631330,flydsl_mxpsh_32x32x256_F8_F8_B16_w4_x0_sk4,11.0771,2771.9673,0.0
gfx950,256,4,1536,6144,fp8,fp8,flydsl,-1,3,11.381720,flydsl_mxpsh_32x32x256_F8_F8_B16_w2_x0_sk3,6.6332,832.3916,0.0
gfx950,256,4,2304,6144,fp8,fp8,flydsl,-1,6,11.295720,flydsl_mxpsh_32x32x256_F8_F8_B16_w3_x4_sk6,10.0256,1257.0056,0.0
gfx950,256,4,2560,6144,fp8,fp8,flydsl,-1,3,11.278110,flydsl_mxpsh_32x16x256_F8_F8_B16_w4_x0_sk3,11.1569,1398.6117,0.0
gfx950,256,4,6144,768,fp8,fp8,flydsl,-1,1,9.803700,flydsl_mxpsh_32x32x128_F8_F8_B16_w1_x4_sk1,3.8505,486.6342,0.0
gfx950,256,4,6144,2048,fp8,fp8,flydsl,-1,1,9.666100,flydsl_mxpsh_32x64x256_F8_F8_B16_w3_x0_sk1,10.4141,1307.6893,0.0
gfx950,256,4,6144,3072,fp8,fp8,flydsl,-1,1,9.550090,flydsl_mxpsh_32x32x256_F8_F8_B16_w1_x0_sk1,15.8108,1982.7885,0.0
gfx950,256,4,6144,6144,fp8,fp8,flydsl,-1,8,13.925740,flydsl_mxpsh_32x32x256_F8_F8_B16_w1_x0_sk8,21.6857,2716.0112,0.0
gfx950,256,8,1536,6144,fp8,fp8,flydsl,-1,4,11.185710,flydsl_mxpsh_32x32x256_F8_F8_B16_w0_x0_sk4,13.4989,850.2734,0.0
gfx950,256,8,2304,6144,fp8,fp8,flydsl,-1,6,11.393321,flydsl_mxpsh_32x32x256_F8_F8_B16_w0_x0_sk6,19.8794,1250.0124,0.0
gfx950,256,8,2560,6144,fp8,fp8,flydsl,-1,6,11.204510,flydsl_mxpsh_32x16x256_F8_F8_B16_w4_x0_sk6,22.4604,1411.8201,0.0
gfx950,256,8,6144,768,fp8,fp8,flydsl,-1,1,9.810500,flydsl_mxpsh_32x32x256_F8_F8_B16_w4_x4_sk1,7.6956,491.6202,0.0
gfx950,256,8,6144,2048,fp8,fp8,flydsl,-1,1,9.686900,flydsl_mxpsh_64x32x256_F8_F8_B16_w1_x0_sk1,20.7834,1310.8012,0.0
gfx950,256,8,6144,3072,fp8,fp8,flydsl,-1,1,9.533300,flydsl_mxpsh_32x32x256_F8_F8_B16_w0_x0_sk1,31.6774,1992.7253,0.0
gfx950,256,8,6144,6144,fp8,fp8,flydsl,-1,4,14.343750,flydsl_mxpsh_32x32x256_F8_F8_B16_w1_x0_sk4,42.1075,2642.0002,0.0
gfx950,256,12,1536,6144,fp8,fp8,flydsl,-1,3,11.349710,flydsl_mxpsh_32x32x256_F8_F8_B16_w2_x0_sk3,19.9558,841.2352,0.0
gfx950,256,12,2304,6144,fp8,fp8,flydsl,-1,4,10.922101,flydsl_mxpsh_32x16x256_F8_F8_B16_w2_x0_sk4,31.1056,1307.8803,0.0
gfx950,256,12,2560,6144,fp8,fp8,flydsl,-1,3,10.889300,flydsl_mxpsh_32x16x256_F8_F8_B16_w1_x4_sk3,34.6659,1456.8253,0.0
gfx950,256,12,6144,768,fp8,fp8,flydsl,-1,1,9.938500,flydsl_mxpsh_64x128x256_F8_F8_B16_w0_x0_sk1,11.3947,490.5432,0.0
gfx950,256,12,6144,2048,fp8,fp8,flydsl,-1,1,9.472490,flydsl_mxpsh_32x32x256_F8_F8_B16_w2_x0_sk1,31.8807,1346.5249,0.0
gfx950,256,12,6144,3072,fp8,fp8,flydsl,-1,1,9.530090,flydsl_mxpsh_32x32x256_F8_F8_B16_w3_x4_sk1,47.5321,1999.8434,0.0
gfx950,256,12,6144,6144,fp8,fp8,flydsl,-1,6,14.250129,flydsl_mxpsh_32x32x256_F8_F8_B16_w4_x0_sk6,63.5762,2664.5316,0.0
gfx950,256,16,1536,6144,fp8,fp8,flydsl,-1,3,11.370920,flydsl_mxpsh_32x32x256_F8_F8_B16_w4_x0_sk3,26.5581,842.9081,0.0
gfx950,256,16,2304,6144,fp8,fp8,flydsl,-1,4,11.476520,flydsl_mxpsh_32x16x256_F8_F8_B16_w3_x0_sk4,39.4706,1248.4453,0.0
gfx950,256,16,2560,6144,fp8,fp8,flydsl,-1,3,11.314520,flydsl_mxpsh_32x16x256_F8_F8_B16_w2_x0_sk3,44.4841,1406.0574,0.0
gfx950,256,16,6144,768,fp8,fp8,flydsl,-1,1,9.799700,flydsl_mxpsh_32x32x128_F8_F8_B16_w0_x0_sk1,15.4081,502.8203,0.0
gfx950,256,16,6144,2048,fp8,fp8,flydsl,-1,1,9.695300,flydsl_mxpsh_32x64x256_F8_F8_B16_w3_x0_sk1,41.5308,1321.4948,0.0
gfx950,256,16,6144,3072,fp8,fp8,flydsl,-1,1,9.544500,flydsl_mxpsh_32x32x256_F8_F8_B16_w3_x4_sk1,63.2804,2003.2613,0.0
gfx950,256,16,6144,6144,fp8,fp8,flydsl,-1,4,15.241760,flydsl_mxpsh_32x32x256_F8_F8_B16_w1_x0_sk4,79.2533,2496.0141,0.0
gfx950,256,24,1536,6144,fp8,fp8,flydsl,-1,3,11.304110,flydsl_mxpsh_32x32x256_F8_F8_B16_w3_x0_sk3,40.0726,854.4120,0.0
gfx950,256,24,2304,6144,fp8,fp8,flydsl,-1,3,10.919710,flydsl_mxpsh_32x16x256_F8_F8_B16_w2_x0_sk3,62.2248,1319.9823,0.0
gfx950,256,24,2560,6144,fp8,fp8,flydsl,-1,4,11.391300,flydsl_mxpsh_32x16x256_F8_F8_B16_w2_x4_sk4,66.2764,1404.4908,0.0
gfx950,256,24,6144,768,fp8,fp8,flydsl,-1,1,9.835290,flydsl_mxpsh_64x64x256_F8_F8_B16_w0_x0_sk1,23.0285,511.6205,0.0
gfx950,256,24,6144,2048,fp8,fp8,flydsl,-1,1,9.485700,flydsl_mxpsh_32x32x256_F8_F8_B16_w2_x0_sk1,63.6727,1362.7856,0.0
gfx950,256,24,6144,3072,fp8,fp8,flydsl,-1,1,9.540090,flydsl_mxpsh_32x32x256_F8_F8_B16_w3_x0_sk1,94.9645,2017.0678,0.0
gfx950,256,24,6144,6144,fp8,fp8,flydsl,-1,4,15.778559,flydsl_mxpsh_32x32x256_F8_F8_B16_w2_x4_sk4,114.8355,2420.4430,0.0
gfx950,256,32,1536,6144,fp8,fp8,flydsl,-1,2,11.404920,flydsl_mxpsh_32x32x256_F8_F8_B16_w2_x0_sk2,52.9578,853.3244,0.0
gfx950,256,32,2304,6144,fp8,fp8,flydsl,-1,4,11.314520,flydsl_mxpsh_32x32x256_F8_F8_B16_w0_x0_sk4,80.0714,1281.5250,0.0
gfx950,256,32,2560,6144,fp8,fp8,flydsl,-1,4,11.297320,flydsl_mxpsh_32x16x256_F8_F8_B16_w2_x0_sk4,89.1037,1424.1508,0.0
gfx950,256,32,6144,768,fp8,fp8,flydsl,-1,1,9.790100,flydsl_mxpsh_64x32x256_F8_F8_B16_w0_x0_sk1,30.8465,524.6508,0.0
gfx950,256,32,6144,2048,fp8,fp8,flydsl,-1,1,9.704900,flydsl_mxpsh_32x64x256_F8_F8_B16_w1_x0_sk1,82.9794,1343.8226,0.0
gfx950,256,32,6144,3072,fp8,fp8,flydsl,-1,1,9.573700,flydsl_mxpsh_32x32x256_F8_F8_B16_w0_x0_sk1,126.1748,2022.8217,0.0
gfx950,256,32,6144,6144,fp8,fp8,flydsl,-1,4,15.759760,flydsl_mxpsh_32x32x256_F8_F8_B16_w1_x0_sk4,153.2967,2432.6868,0.0
gfx950,256,40,1536,6144,fp8,fp8,flydsl,-1,4,11.316100,flydsl_mxpsh_32x32x256_F8_F8_B16_w3_x0_sk4,66.7169,866.5374,0.0
gfx950,256,40,2304,6144,fp8,fp8,flydsl,-1,3,11.308910,flydsl_mxpsh_32x32x256_F8_F8_B16_w1_x4_sk3,100.1389,1289.7668,0.0
gfx950,256,40,2560,6144,fp8,fp8,flydsl,-1,3,12.027720,flydsl_mxpsh_32x16x256_F8_F8_B16_w0_x4_sk3,104.6159,1345.1593,0.0
gfx950,256,40,6144,768,fp8,fp8,flydsl,-1,1,9.833700,flydsl_mxpsh_96x32x128_F8_F8_B16_w0_x0_sk1,38.3871,532.9461,0.0
gfx950,256,40,6144,2048,fp8,fp8,flydsl,-1,1,9.475690,flydsl_mxpsh_32x32x256_F8_F8_B16_w4_x0_sk1,106.2332,1388.4321,0.0
gfx950,256,40,6144,3072,fp8,fp8,flydsl,-1,1,10.501699,flydsl_mxpsh_32x32x256_F8_F8_B16_w3_x4_sk1,143.7814,1855.7728,0.0
gfx950,256,40,6144,6144,fp8,fp8,flydsl,-1,2,16.870559,flydsl_mxpsh_32x32x256_F8_F8_B16_w1_x4_sk2,179.0041,2281.2531,0.0
gfx950,256,48,1536,6144,fp8,fp8,flydsl,-1,3,11.216110,flydsl_mxpsh_32x32x256_F8_F8_B16_w3_x0_sk3,80.7740,880.8359,0.0
gfx950,256,48,2304,6144,fp8,fp8,flydsl,-1,4,11.398110,flydsl_mxpsh_32x32x256_F8_F8_B16_w1_x4_sk4,119.2263,1287.2197,0.0
gfx950,256,48,2560,6144,fp8,fp8,flydsl,-1,2,12.563320,flydsl_mxpsh_32x16x256_F8_F8_B16_w0_x4_sk2,120.1871,1294.9850,0.0
gfx950,256,48,6144,768,fp8,fp8,flydsl,-1,1,9.831300,flydsl_mxpsh_64x64x256_F8_F8_B16_w0_x0_sk1,46.0758,543.7002,0.0
gfx950,256,48,6144,2048,fp8,fp8,flydsl,-1,1,9.484090,flydsl_mxpsh_32x32x256_F8_F8_B16_w4_x0_sk1,127.3669,1399.2950,0.0
gfx950,256,48,6144,3072,fp8,fp8,flydsl,-1,1,10.500500,flydsl_mxpsh_32x32x256_F8_F8_B16_w3_x4_sk1,172.5574,1867.6870,0.0
gfx950,256,48,6144,6144,fp8,fp8,flydsl,-1,2,16.859760,flydsl_mxpsh_32x32x256_F8_F8_B16_w1_x4_sk2,214.9425,2291.4603,0.0
gfx950,256,56,1536,6144,fp8,fp8,flydsl,-1,4,11.583710,flydsl_mxpsh_32x32x256_F8_F8_B16_w2_x0_sk4,91.2458,859.2481,0.0
gfx950,256,56,2304,6144,fp8,fp8,flydsl,-1,3,11.736110,flydsl_mxpsh_32x32x256_F8_F8_B16_w1_x4_sk3,135.0913,1257.4769,0.0
gfx950,256,56,2560,6144,fp8,fp8,flydsl,-1,3,13.187320,flydsl_mxpsh_32x16x256_F8_F8_B16_w2_x4_sk3,133.5834,1240.5420,0.0
gfx950,256,56,6144,768,fp8,fp8,flydsl,-1,1,9.844900,flydsl_mxpsh_64x64x256_F8_F8_B16_w0_x0_sk1,53.6808,553.5585,0.0
gfx950,256,56,6144,2048,fp8,fp8,flydsl,-1,1,9.508490,flydsl_mxpsh_32x32x256_F8_F8_B16_w3_x0_sk1,148.2135,1407.7659,0.0
gfx950,256,56,6144,3072,fp8,fp8,flydsl,-1,1,10.516100,flydsl_mxpsh_32x32x256_F8_F8_B16_w1_x4_sk1,201.0184,1876.6014,0.0
gfx950,256,56,6144,6144,fp8,fp8,flydsl,-1,2,16.785760,flydsl_mxpsh_32x32x256_F8_F8_B16_w2_x4_sk2,251.8717,2310.3469,0.0
gfx950,256,64,1536,6144,fp8,fp8,flydsl,-1,2,11.473310,flydsl_mxpsh_32x32x256_F8_F8_B16_w4_x0_sk2,105.2843,873.9420,0.0
gfx950,256,64,2304,6144,fp8,fp8,flydsl,-1,3,12.671731,flydsl_mxpsh_32x32x256_F8_F8_B16_w3_x4_sk3,142.9907,1171.4189,0.0
gfx950,256,64,2560,6144,fp8,fp8,flydsl,-1,3,12.686930,flydsl_mxpsh_32x16x256_F8_F8_B16_w0_x4_sk3,158.6882,1296.5734,0.0
gfx950,256,64,6144,768,fp8,fp8,flydsl,-1,1,9.818900,flydsl_mxpsh_32x32x256_F8_F8_B16_w3_x0_sk1,61.5120,565.6617,0.0
gfx950,256,64,6144,2048,fp8,fp8,flydsl,-1,1,9.734500,flydsl_mxpsh_32x64x256_F8_F8_B16_w2_x4_sk1,165.4541,1386.8628,0.0
gfx950,256,64,6144,3072,fp8,fp8,flydsl,-1,1,10.455710,flydsl_mxpsh_32x32x256_F8_F8_B16_w3_x4_sk1,231.0622,1899.1927,0.0
gfx950,256,64,6144,6144,fp8,fp8,flydsl,-1,2,17.319781,flydsl_mxpsh_32x32x256_F8_F8_B16_w2_x4_sk2,278.9780,2247.6257,0.0
gfx950,256,128,1536,6144,fp8,fp8,flydsl,-1,3,12.722640,flydsl_mxpsh_64x32x256_F8_F8_B16_w1_x0_sk3,189.8913,834.4834,0.0
gfx950,256,128,2304,6144,fp8,fp8,flydsl,-1,1,14.466780,flydsl_mxpsh_64x32x256_F8_F8_B16_w2_x4_sk1,250.4966,1073.6343,0.0
gfx950,256,128,2560,6144,fp8,fp8,flydsl,-1,1,16.064790,flydsl_mxpsh_32x32x256_F8_F8_B16_w0_x4_sk1,250.6433,1068.8239,0.0
gfx950,256,128,6144,768,fp8,fp8,flydsl,-1,1,9.493770,flydsl_mxpsh_96x64x256_F8_F8_B16_w0_x0_sk1,127.2371,673.0477,0.0
gfx950,256,128,6144,2048,fp8,fp8,flydsl,-1,1,10.363441,flydsl_mxpsh_64x32x256_F8_F8_B16_w1_x0_sk1,310.8259,1391.2291,0.0
gfx950,256,128,6144,3072,fp8,fp8,flydsl,-1,1,14.438690,flydsl_mxpsh_128x32x256_F8_F8_B16_w1_x0_sk1,334.6452,1443.3753,0.0
gfx950,256,128,6144,6144,fp8,fp8,flydsl,-1,1,24.436920,flydsl_mxpsh_64x32x256_F8_F8_B16_w1_x0_sk1,395.4539,1641.2884,0.0
gfx950,256,256,1536,6144,fp8,fp8,flydsl,-1,4,18.019940,flydsl_mxpsh_128x32x256_F8_F8_B16_w0_x4_sk4,268.1384,654.6348,0.0
gfx950,256,256,2304,6144,fp8,fp8,flydsl,-1,3,18.174880,flydsl_mxpsh_64x64x256_F8_F8_B16_w3_x4_sk3,398.7788,930.3109,0.0
gfx950,256,256,2560,6144,fp8,fp8,flydsl,-1,1,22.081330,flydsl_mxpsh_64x32x256_F8_F8_B16_w3_x4_sk1,364.7001,842.8942,0.0
gfx950,256,256,6144,768,fp8,fp8,flydsl,-1,1,9.778180,flydsl_mxpsh_64x64x256_F8_F8_B16_w0_x0_sk1,247.0725,824.3792,0.0
gfx950,256,256,6144,2048,fp8,fp8,flydsl,-1,1,14.594330,flydsl_mxpsh_128x64x256_F8_F8_B16_w0_x0_sk1,441.4352,1113.6468,0.0
gfx950,256,256,6144,3072,fp8,fp8,flydsl,-1,1,16.864740,flydsl_mxpsh_128x32x256_F8_F8_B16_w4_x4_sk1,573.0107,1352.3202,0.0
gfx950,256,256,6144,6144,fp8,fp8,flydsl,-1,1,26.666970,flydsl_mxpsh_64x32x256_F8_F8_B16_w3_x4_sk1,724.7675,1592.5067,0.0
gfx950,256,512,1536,6144,fp8,fp8,flydsl,-1,1,21.556411,flydsl_mxpsh_32x32x256_F8_F8_B16_w3_x4_sk1,448.2971,656.6852,0.0
gfx950,256,512,2304,6144,fp8,fp8,flydsl,-1,3,24.438250,flydsl_mxpsh_128x64x256_F8_F8_B16_w0_x0_sk3,593.1486,804.5093,0.0
gfx950,256,512,2560,6144,fp8,fp8,flydsl,-1,3,25.593820,flydsl_mxpsh_128x64x256_F8_F8_B16_w1_x0_sk3,629.2975,839.8828,0.0
gfx950,256,512,6144,768,fp8,fp8,flydsl,-1,1,11.332999,flydsl_mxpsh_128x64x128_F8_F8_B16_w0_x0_sk1,426.3512,1006.2000,0.0
gfx950,256,512,6144,2048,fp8,fp8,flydsl,-1,1,17.301990,flydsl_mxpsh_128x64x256_F8_F8_B16_w3_x4_sk1,744.7064,1151.4828,0.0
gfx950,256,512,6144,3072,fp8,fp8,flydsl,-1,1,21.574030,flydsl_mxpsh_128x64x256_F8_F8_B16_w2_x4_sk1,895.8620,1239.3924,0.0
gfx950,256,512,6144,6144,fp8,fp8,flydsl,-1,1,34.084730,flydsl_mxpsh_128x64x256_F8_F8_B16_w0_x4_sk1,1134.0769,1384.3712,0.0
gfx950,256,1024,1536,6144,fp8,fp8,flydsl,-1,1,26.616499,flydsl_mxpsh_32x128x256_F8_F8_B16_w0_x0_sk1,726.1418,709.1229,0.0
gfx950,256,1024,2304,6144,fp8,fp8,flydsl,-1,1,31.618831,flydsl_mxpsh_96x64x256_F8_F8_B16_w0_x4_sk1,916.8912,795.9125,0.0
gfx950,256,1024,2560,6144,fp8,fp8,flydsl,-1,1,32.709990,flydsl_mxpsh_128x128x256_F8_F8_B16_w0_x4_sk1,984.7834,833.4755,0.0
gfx950,256,1024,6144,768,fp8,fp8,flydsl,-1,1,15.682679,flydsl_mxpsh_64x128x256_F8_F8_B16_w1_x0_sk1,616.2006,1153.3703,0.0
gfx950,256,1024,6144,2048,fp8,fp8,flydsl,-1,1,23.783741,flydsl_mxpsh_64x128x256_F8_F8_B16_w2_x4_sk1,1083.5051,1146.2863,0.0
gfx950,256,1024,6144,3072,fp8,fp8,flydsl,-1,1,31.497030,flydsl_mxpsh_64x128x128_F8_F8_B16_w0_x4_sk1,1227.2492,1098.6118,0.0
gfx950,256,1024,6144,6144,fp8,fp8,flydsl,-1,1,51.675100,flydsl_mxpsh_64x128x128_F8_F8_B16_w0_x4_sk1,1496.0670,1095.7522,0.0
gfx950,256,2048,1536,6144,fp8,fp8,flydsl,-1,1,32.563820,flydsl_mxpsh_128x128x256_F8_F8_B16_w0_x0_sk1,1187.0446,869.4174,0.0
gfx950,256,2048,2304,6144,fp8,fp8,flydsl,-1,1,46.651640,flydsl_mxpsh_128x128x256_F8_F8_B16_w0_x0_sk1,1242.8729,775.4470,0.0
gfx950,256,2048,2560,6144,fp8,fp8,flydsl,-1,1,48.384371,flydsl_mxpsh_128x128x256_F8_F8_B16_w2_x0_sk1,1331.5149,801.8563,0.0
gfx950,256,2048,6144,768,fp8,fp8,flydsl,-1,1,21.050770,flydsl_mxpsh_128x128x256_F8_F8_B16_w4_x0_sk1,918.1304,1494.3529,0.0
gfx950,256,2048,6144,2048,fp8,fp8,flydsl,-1,1,34.924791,flydsl_mxpsh_128x128x128_F8_F8_B16_w0_x0_sk1,1475.7313,1200.9532,0.0
gfx950,256,2048,6144,3072,fp8,fp8,flydsl,-1,1,45.900922,flydsl_mxpsh_128x256x128_F8_F8_B16_w0_x4_sk1,1684.2671,1096.5280,0.0
gfx950,256,2048,6144,6144,fp8,fp8,flydsl,-1,1,80.640917,flydsl_mxpsh_128x256x128_F8_F8_B16_w0_x0_sk1,1917.3743,936.2179,0.0
gfx950,256,4096,1536,6144,fp8,fp8,flydsl,-1,1,49.677329,flydsl_mxpsh_128x128x256_F8_F8_B16_w1_x0_sk1,1556.2312,949.8482,0.0
gfx950,256,4096,2304,6144,fp8,fp8,flydsl,-1,1,70.655870,flydsl_mxpsh_96x256x128_F8_F8_B16_w0_x0_sk1,1641.2524,823.6537,0.0
gfx950,256,4096,2560,6144,fp8,fp8,flydsl,-1,1,73.163362,flydsl_mxpsh_96x256x128_F8_F8_B16_w0_x0_sk1,1761.1140,845.5870,0.0
gfx950,256,4096,6144,768,fp8,fp8,flydsl,-1,1,32.709789,flydsl_mxpsh_128x128x256_F8_F8_B16_w1_x0_sk1,1181.7473,1779.1606,0.0
gfx950,256,4096,6144,2048,fp8,fp8,flydsl,-1,1,55.946469,flydsl_mxpsh_128x256x128_F8_F8_B16_w0_x4_sk1,1842.4615,1274.4891,0.0
gfx950,256,4096,6144,3072,fp8,fp8,flydsl,-1,1,78.544369,flydsl_mxpsh_128x256x128_F8_F8_B16_w1_x0_sk1,1968.5539,1041.3086,0.0
gfx950,256,4096,6144,6144,fp8,fp8,flydsl,-1,1,142.582617,flydsl_mxpsh_128x256x128_F8_F8_B16_w2_x0_sk1,2168.8313,794.2498,0.0
gfx950,256,8192,1536,6144,fp8,fp8,flydsl,-1,1,76.765442,flydsl_mxpsh_128x256x128_F8_F8_B16_w0_x0_sk1,2014.1722,1106.4179,0.0
gfx950,256,8192,2304,6144,fp8,fp8,flydsl,-1,1,121.936827,flydsl_mxpsh_128x128x128_F8_F8_B16_w3_x0_sk1,1902.0360,838.4355,0.0
gfx950,256,8192,2560,6144,fp8,fp8,flydsl,-1,1,127.777891,flydsl_mxpsh_128x128x256_F8_F8_B16_w3_x0_sk1,2016.7655,845.2427,0.0
gfx950,256,8192,6144,768,fp8,fp8,flydsl,-1,1,55.210190,flydsl_mxpsh_128x128x256_F8_F8_B16_w0_x0_sk1,1400.2743,2022.6944,0.0
gfx950,256,8192,6144,2048,fp8,fp8,flydsl,-1,1,99.495440,flydsl_mxpsh_128x256x128_F8_F8_B16_w1_x0_sk1,2072.0390,1306.8280,0.0
gfx950,256,8192,6144,3072,fp8,fp8,flydsl,-1,1,138.931961,flydsl_mxpsh_128x256x128_F8_F8_B16_w0_x0_sk1,2225.8208,1041.5421,0.0
gfx950,256,8192,6144,6144,fp8,fp8,flydsl,-1,1,260.667915,flydsl_mxpsh_128x256x128_F8_F8_B16_w0_x0_sk1,2372.6560,724.0771,0.0
gfx950,256,8320,1536,6144,fp8,fp8,flydsl,-1,1,89.798384,flydsl_mxpsh_128x256x128_F8_F8_B16_w0_x0_sk1,1748.7480,958.9739,0.0
gfx950,256,8320,2304,6144,fp8,fp8,flydsl,-1,1,135.369148,flydsl_mxpsh_96x256x128_F8_F8_B16_w0_x0_sk1,1740.0724,765.4064,0.0
gfx950,256,8320,2560,6144,fp8,fp8,flydsl,-1,1,143.410454,flydsl_mxpsh_128x256x128_F8_F8_B16_w0_x0_sk1,1825.0034,763.1600,0.0
gfx950,256,8320,6144,768,fp8,fp8,flydsl,-1,1,58.658509,flydsl_mxpsh_96x256x128_F8_F8_B16_w1_x4_sk1,1338.5504,1932.2774,0.0
gfx950,256,8320,6144,2048,fp8,fp8,flydsl,-1,1,104.592896,flydsl_mxpsh_128x256x128_F8_F8_B16_w2_x4_sk1,2001.8535,1260.6825,0.0
gfx950,256,8320,6144,3072,fp8,fp8,flydsl,-1,1,158.064957,flydsl_mxpsh_128x256x128_F8_F8_B16_w2_x4_sk1,1986.9647,927.9069,0.0
gfx950,256,8320,6144,6144,fp8,fp8,flydsl,-1,1,296.598186,flydsl_mxpsh_128x256x128_F8_F8_B16_w2_x4_sk1,2117.8112,644.3161,0.0
gfx950,256,16384,1536,6144,fp8,fp8,flydsl,-1,1,141.107063,flydsl_mxpsh_128x256x128_F8_F8_B16_w2_x0_sk1,2191.5107,1136.9532,0.0
gfx950,256,16384,2304,6144,fp8,fp8,flydsl,-1,1,212.082405,flydsl_mxpsh_128x256x128_F8_F8_B16_w0_x0_sk1,2187.1521,897.3707,0.0
gfx950,256,16384,2560,6144,fp8,fp8,flydsl,-1,1,221.068954,flydsl_mxpsh_128x256x128_F8_F8_B16_w0_x0_sk1,2331.3815,905.9527,0.0
gfx950,256,16384,6144,768,fp8,fp8,flydsl,-1,1,100.831814,flydsl_mxpsh_128x128x256_F8_F8_B16_w1_x0_sk1,1533.4329,2168.2452,0.0
gfx950,256,16384,6144,2048,fp8,fp8,flydsl,-1,1,184.205761,flydsl_mxpsh_128x256x128_F8_F8_B16_w1_x4_sk1,2238.3494,1343.4104,0.0
gfx950,256,16384,6144,3072,fp8,fp8,flydsl,-1,1,263.576088,flydsl_mxpsh_128x256x128_F8_F8_B16_w1_x0_sk1,2346.4772,1026.3928,0.0
gfx950,256,16384,6144,6144,fp8,fp8,flydsl,-1,1,506.861916,flydsl_mxpsh_128x256x128_F8_F8_B16_w1_x4_sk1,2440.4094,670.2785,0.0
